Hotel URL,Original Text,Sentiment,Topic,AI Summary
https://www.booking.com/hotel/eg/novotel-cairo-airport.en-gb.html,"Claudio Italy Superior Twin Room 3 nights · March 2026 Solo traveller Reviewed: 23 April 2026 Very good Scored 8.0 8.0 the nearest to the airport with 24h shuttle service. good for late night arrival. Hotel response: Dear Valued Guest,  Thank you for your kind words... Continue reading Helpful Not helpful",Positive,Location,"The guest appreciated the hotel's proximity to the airport and the convenient 24-hour shuttle service, particularly useful for late-night arrivals."
https://www.booking.com/hotel/eg/novotel-cairo-airport.en-gb.html,"Kerry United Kingdom Superior Twin Room 1 night · April 2026 Group Reviewed: 23 April 2026 Reminded me of a premier inn in uk but with nice weather and pool Scored 8.0 8.0 Clean and comfortable Hotel response: Dear Valued Guest,  Thank you for your kind feedback. We... Continue reading Helpful Not helpful",Positive,Amenities,"The guest found the hotel clean and comfortable with a nice pool, comparing it favorably to a Premier Inn experience."
https://www.booking.com/hotel/eg/novotel-cairo-airport.en-gb.html,"Salwa Canada Standard Twin Room with Sofa 1 night · March 2026 Couple Reviewed: 22 April 2026 Good but expensive for what’s provided Scored 8.0 8.0 It is within the airport It is a bit pricey Items in the buffet will be gone quickly, so food does not really worth the value Hotel response: Dear Valued Guest,  Thank you for your feedback regarding... Continue reading Helpful Not helpful",Mixed,Value,The guest found the hotel's airport location convenient but felt it was expensive and that the buffet food did not offer good value for the price.
https://www.booking.com/hotel/eg/novotel-cairo-airport.en-gb.html,"Anne Ireland Superior Double Room - Pool Side 1 night · April 2026 Family Reviewed: 18 April 2026 Very good Scored 8.0 8.0 Loved the promo to the airport it was a really handy spot to stay for the night when we were flying the next morning. Rooms were nice and clean and very comfortable. Didn't really dislike anything about this hotel Hotel response: Dear Valued Guest,  Thank you for your positive feedback... Continue reading Helpful Not helpful",Positive,Location,"The guest appreciated the hotel's convenient location for airport travel and found the rooms to be nice, clean, and comfortable."
https://www.booking.com/hotel/eg/novotel-cairo-airport.en-gb.html,"Alexandre United States Superior Twin Room 1 night · March 2026 Solo traveller Reviewed: 17 April 2026 Very nice and clean hotel facility. Disappointing breakfast with multiple options. Scored 7.0 7.0 Room and facilities were very clean and well-maintained. Security was very good with working dog patrols and security gate access. Bathroom/shower was clean with good quality towels. Breakfast was a great disappointment albeit with a good variety of options. Coffee machine was broken and a coffee pot was brought out to provide no options for coffee. The eggs-to-order grill was unattended. After 10 minutes I asked the restaurant attendant for assistance and it took another five minutes for the cook to arrive, by which time so many others had lined up to order I had to wait longer (having previously been first in line), and was provided an overcooked plane egg omelet despite ordering a vegetarian omelet with all the vegetables available (and the cook even asked to confirm “omelet with everything but no meat”). What was provided as orange juice was not orange juice but a sweetened orange-flavored drink made from a powder mix. Disappointing. When I mentioned this upon checkout, I was assured the breakfast — which I did not eat — would not be charged and I would be provided a free breakfast upon my return visit days later… which I was not provided. Some of the staff was very courteous while others were unhelpful and seemed annoyed with having to interact with guests. The hotel is located on an extremely busy multi-lane road and intersection by the airport property but 1.6 km from terminals 2 and 3 that precludes walking safely. There was nothing in the neighborhood worth walking to or to see. Hotel response: Dear Valued Guest,  Thank you for sharing your feedback... Continue reading Helpful Not helpful",Mixed,Staff,"While the hotel offered clean facilities and good security, the guest experienced significant disappointment due to poor breakfast service, unhelpful staff interactions, an unfulfilled promise for a free breakfast, and an inconvenient location."
https://www.booking.com/hotel/eg/novotel-cairo-airport.en-gb.html,"Mark Australia Standard Twin Room with Sofa 1 night · April 2026 Family Reviewed: 15 April 2026 Very good Scored 8.0 8.0 Perfect for us with a 15 hour lay over.understanding re early check out. Simple but what was required. The Italian restaurant by the pool was a highlight. Hotel response: Dear Valued Guest,  Thank you for your positive feedback... Continue reading Helpful Not helpful",Positive,Amenities,"The guest found the hotel perfect for a layover, appreciating the staff's understanding regarding early check-out and particularly highlighting the Italian restaurant by the pool."
https://www.booking.com/hotel/eg/novotel-cairo-airport.en-gb.html,"Marco United Kingdom Superior Twin Room 1 night · April 2026 Couple Reviewed: 10 April 2026 Superb Scored 9.0 9.0 Loved how easy the check-in process was, and the facilities were solid. Great location, and the free shuttle every 30 minutes makes it an ideal choice for an early flight. Hotel response: Dear Valued Guest,  Thank you for your kind words... Continue reading Helpful Not helpful",Positive,Location,"The guest appreciated the easy check-in process, solid facilities, and the hotel's great location with a convenient free shuttle, making it ideal for early flights."
https://www.booking.com/hotel/eg/dusit-thani-lakeview-cairo.en-gb.html,"Mohamed Saudi Arabia Dusit Suite 4 nights · April 2026 Solo traveller Reviewed: 21 April 2026 Thanks to all staff Scored 9.0 9.0 Everything Hotel response: Dear Mr. Mohamed, Greetings from Dusit Thani Lakeview... Continue reading Helpful Not helpful",Positive,Staff,"The guest expressed high satisfaction with their stay, specifically thanking the staff and rating everything positively."
https://www.booking.com/hotel/eg/dusit-thani-lakeview-cairo.en-gb.html,"A Ahmad Nigeria Dusit Suite 4 nights · April 2026 Solo traveller Reviewed: 21 April 2026 Perfect and lovely days Scored 10 10 Excellent All is well Hotel response: Dear Mr. Ahmad, Greetings from Dusit Thani Lakeview... Continue reading Helpful Not helpful",Positive,Other,"The guest experienced a perfect and lovely stay, rating it as excellent with everything being well."
https://www.booking.com/hotel/eg/dusit-thani-lakeview-cairo.en-gb.html,"Fadia Egypt Deluxe Room 1 night · April 2026 Solo traveller Reviewed: 13 April 2026 A memorable stay Scored 10 10 Amazing hospitality! The staff is very polite and helpful, they offered us a complimentary cake to celebrate my husband's birthday and the guest relations team was remarkable, specially Ms. Nadeen. They went above and beyond to make our stay memorable. The pool was clean and well attended for. As for the food, the dine in room breakfast was amazing. All in all, the experience was amazing and looking forward to repeating our stay. The turkish restaurant was average and a little overpriced for the portions and food quality. Hotel response: Dear Ms. Fadia, I truly appreciate your valuable... Continue reading Helpful Not helpful",Positive,Staff,"The guest experienced an amazing and memorable stay, primarily praising the exceptional hospitality of the staff who went above and beyond, along with a clean pool and excellent breakfast, despite a minor critique of one specific restaurant."
https://www.booking.com/hotel/eg/dusit-thani-lakeview-cairo.en-gb.html,"Yazeed Saudi Arabia Deluxe Twin Room 3 nights · April 2026 Couple Booked for April 2026 · Incomplete stay Reviewed: 13 April 2026 Very good Scored 8.0 8.0 coosy reciption system !! Hotel response: Dear Mr. Yazeed, Thank you so much for your respectful... Continue reading Helpful Not helpful",Positive,Staff,The guest had a very good experience and particularly praised the cosy reception system.
https://www.booking.com/hotel/eg/dusit-thani-lakeview-cairo.en-gb.html,"Noura Saudi Arabia Deluxe Room 2 nights · April 2026 Family Reviewed: 11 April 2026 Excellent Scored 10 10 Everything Service is slow at the pool Hotel response: Dear Ms. Noura, Thank you so much for your respectful... Continue reading Helpful Not helpful",Mixed,Staff,The guest rated their overall experience as excellent but specifically highlighted slow service at the pool.
https://www.booking.com/hotel/eg/dusit-thani-lakeview-cairo.en-gb.html,"Fatma Egypt Deluxe Room 1 night · April 2026 Couple Reviewed: 8 April 2026 Exceptional Scored 10 10 Very nice Service Hotel response: Dear Ms. Fatma, Greetings from Dusit Thani Lakeview... Continue reading Helpful Not helpful",Positive,Staff,The guest had an exceptional experience and praised the very nice service provided by the hotel.
https://www.booking.com/hotel/eg/dusit-thani-lakeview-cairo.en-gb.html,"Amin Nigeria Deluxe Room 6 nights · March 2026 Couple Reviewed: 2 April 2026 My experience was generally good. But their is need and room for improvement. Scored 8.0 8.0 The location. The staff and pool area The shower wasn’t draining quick. The TV channels Hotel response: Dear Mr. Amin, Greetings from Dusit Thani Lakeview... Continue reading Helpful Not helpful",Mixed,Amenities,"The guest had a generally good experience, appreciating the location, staff, and pool area, but noted specific issues with slow shower drainage and the TV channels."
https://www.booking.com/hotel/eg/grand-nile-tower.en-gb.html,"Ralph United Kingdom King Guest room with Nile View 6 nights · February 2026 Couple Reviewed: 23 April 2026 Convenient and well positioned. Scored 9.0 9.0 Well positioned and very comfortable Nothing Hotel response: Dear Valuable Guest, Thank you for sharing your... Continue reading Helpful Not helpful",Positive,Location,"The guest found the hotel convenient, well positioned, and very comfortable, with no negative feedback."
https://www.booking.com/hotel/eg/grand-nile-tower.en-gb.html,"Mahomed Mauritius King Guest room with Nile View 1 night · April 2026 Solo traveller Reviewed: 16 April 2026 Superb Scored 9.0 9.0 Starting at the reception, the gentleman was very friendly I forgot to ask his name and helpful, the housekeeping staff, the restaurant staff were all fabulous. Absolutely no complaints. For us it was awesome. Not a complaint, but a suggestion, if smoking rooms were available it would have been great, but still we could smoke in the balcony which was awesome, the other thing is that I really wanted to eat koshery but wasn't available and more Egyptian menus would have been great. The rest nothing to complain. Hotel response: Dear Valuable Guest, Thank you for your kind words. We... Continue reading Helpful Not helpful",Positive,Staff,"The guest had a superb experience, highly praising the friendly and helpful staff across reception, housekeeping, and restaurant, with minor suggestions regarding smoking room availability and more diverse Egyptian food options."
https://www.booking.com/hotel/eg/grand-nile-tower.en-gb.html,"Ntombizodwa South Africa King Guest room with Nile View 2 nights · April 2026 Solo traveller Reviewed: 16 April 2026 Very good Scored 8.0 8.0 Location The level of noise, Hotel response: Dear Valuable Guest, Thank you for your kind words. We... Continue reading Helpful Not helpful",Mixed,Noise,"The guest had a generally good stay, scoring it 8.0, but noted an issue with the level of noise."
https://www.booking.com/hotel/eg/grand-nile-tower.en-gb.html,"Yasser Lebanon King Corner Guest Room - Nile View 1 night · April 2026 Solo traveller Reviewed: 14 April 2026 Good Scored 7.0 7.0 View &music in the lobby Restaurant Hotel response: Dear Valuable Guest, Thank you for taking time to get... Continue reading Helpful Not helpful",Positive,Amenities,"The guest appreciated the view, the music in the lobby, and the restaurant."
https://www.booking.com/hotel/eg/grand-nile-tower.en-gb.html,"S United Kingdom King Guest room with Nile View 8 nights · April 2026 Couple Reviewed: 13 April 2026 enjoyed stay great location Scored 9.0 9.0 Buffet breakfast was excellent staff very helpful Cleaning staff poor understanding of English Hotel response: Dear Valuable Guest, Thank you for taking time to get... Continue reading Helpful Not helpful",Positive,Staff,"The guest thoroughly enjoyed their stay, praising the hotel's great location, excellent buffet breakfast, and very helpful staff, despite a minor communication issue with the cleaning team."
https://www.booking.com/hotel/eg/grand-nile-tower.en-gb.html,"Natasha Netherlands Twin Executive Room with Nile View 3 nights · April 2026 Couple Reviewed: 11 April 2026 Very good Scored 8.0 8.0 The view from the room was great. We did not like that the hotel was completely dry. Hotel response: Dear Valuable Guest, thank you for this nice review; It... Continue reading Helpful Not helpful",Mixed,Amenities,The guest appreciated the great view from their room but disliked that the hotel was completely dry.
